{
  "project_info": {
    "project_number": "308451473170",
    "project_id": "demoproject-c1355",
    "storage_bucket": "demoproject-c1355.appspot.com"
  },
  "client": [
    {
      "client_info": {
        "mobilesdk_app_id": "1:308451473170:android:9c50e218f2dcc5861325cb",
        "android_client_info": {
          "package_name": "com.example.project"
        }
      },
      "oauth_client": [
        {
          "client_id": "308451473170-rmbffvomc45fplq1eji7mlm48dnbmvq5.apps.googleusercontent.com",
          "client_type": 3
        }
      ],
      "api_key": [
        {
          "current_key": "AIzaSyC_rUvJegtAjyOcKwLS3C9UmWMYxUsZKpg"
        }
      ],
      "services": {
        "appinvite_service": {
          "other_platform_oauth_client": [
            {
              "client_id": "308451473170-rmbffvomc45fplq1eji7mlm48dnbmvq5.apps.googleusercontent.com",
              "client_type": 3
            }
          ]
        }
      }
    }
  ],
  "configuration_version": "1"
}